{
  "version": 1,
  "generated_at": "2026-02-10T10:40:18.834Z",
  "total_itineraries": 3688,
  "latest_global": [
    {
      "itin_id": "FR::60::oise",
      "slug": "fr-60-oise",
      "country": "FR",
      "title": "Circuit de l'Oise : châteaux, forêts et histoire",
      "days": 11,
      "created_at": "2026-02-08T16:48:00.370Z",
      "langs": [
        "fr",
        "en",
        "es",
        "pt",
        "it"
      ]
    },
    {
      "itin_id": "FR::73::savoie",
      "slug": "fr-73-savoie",
      "country": "FR",
      "title": "La Savoie des lacs aux glaciers, de Yenne à la Haute-Maurienne",
      "days": 11,
      "created_at": "2026-02-06T12:12:02.990Z",
      "langs": [
        "fr",
        "en",
        "es",
        "pt",
        "it"
      ]
    },
    {
      "itin_id": "FR::63::puy-de-dome",
      "slug": "fr-63-puy-de-dome",
      "country": "FR",
      "title": "VOLCANS, PIERRES ROMANES ET TRADITIONS D'AUVERGNE",
      "days": 10,
      "created_at": "2026-02-06T12:00:00Z",
      "langs": [
        "fr",
        "en",
        "es",
        "pt",
        "it"
      ]
    },
    {
      "itin_id": "FR::HDF::hauts-de-france-villages-cote-opale-et-terres",
      "slug": "fr-hdf-hauts-de-france-villages-cote-opale-et-terres",
      "country": "FR",
      "title": "Villages de la Côte d'Opale et terres flamandes",
      "days": 14,
      "created_at": "2026-02-02T12:00:00Z",
      "langs": [
        "fr",
        "en",
        "es",
        "pt",
        "it",
        "ar"
      ]
    },
    {
      "itin_id": "FR::65::circuit-hautes-pyrenees",
      "slug": "fr-65-circuit-hautes-pyrenees",
      "country": "FR",
      "title": "Circuit des Hautes-Pyrénées : de Tarbes aux cirques et vallées",
      "days": 10,
      "created_at": "2026-02-02T11:28:12.019Z",
      "langs": [
        "fr",
        "en",
        "es",
        "pt",
        "it"
      ]
    },
    {
      "itin_id": "FR::paca::arriere-pays-nicois-grassois",
      "slug": "fr-paca-arriere-pays-nicois-grassois",
      "country": "FR",
      "title": "Roadtrip dans l'arrière-pays niçois et grassois",
      "days": 5,
      "created_at": "2026-01-27T12:00:00Z",
      "langs": [
        "fr"
      ]
    },
    {
      "itin_id": "FR::27::eure",
      "slug": "fr-27-eure",
      "country": "FR",
      "title": "Circuit Eure : De Giverny aux Plus Beaux Villages de Normandie",
      "days": 8,
      "created_at": "2026-01-25T10:00:00.000Z",
      "langs": [
        "fr",
        "en",
        "es",
        "pt",
        "it"
      ]
    },
    {
      "itin_id": "FR::19::correze",
      "slug": "fr-19-correze",
      "country": "FR",
      "title": "Road Trip Corrèze : Villages et Vallée de la Dordogne",
      "days": 9,
      "created_at": "2026-01-24T16:47:44.113Z",
      "langs": [
        "fr",
        "en",
        "es",
        "pt",
        "it"
      ]
    },
    {
      "itin_id": "FR::11::aude",
      "slug": "fr-11-aude",
      "country": "FR",
      "title": "Circuit Aude : Carcassonne, Pays Cathare et Méditerranée",
      "days": 9,
      "created_at": "2026-01-24",
      "langs": [
        "fr",
        "en",
        "es",
        "pt",
        "it"
      ]
    },
    {
      "itin_id": "FR::57::moselle",
      "slug": "fr-57-moselle",
      "country": "FR",
      "title": "Circuit Moselle 10 jours : Metz, Citadelle de Bitche et Vitraux de Chagall",
      "days": 10,
      "created_at": "2026-01-19T13:30:48.631Z",
      "langs": [
        "fr",
        "en",
        "es",
        "pt",
        "it"
      ]
    },
    {
      "itin_id": "FR::76::seine-maritime",
      "slug": "fr-76-seine-maritime",
      "country": "FR",
      "title": "Road Trip Seine-Maritime : Falaises d'Étretat, Rouen et Abbaye de Jumièges",
      "days": 9,
      "created_at": "2026-01-19T12:07:54.701Z",
      "langs": [
        "fr",
        "en",
        "es",
        "pt",
        "it"
      ]
    },
    {
      "itin_id": "NA::safaris::namibie-botswana-okavango",
      "slug": "na-safaris-namibie-botswana-okavango",
      "country": "NA",
      "title": "Safari Namibie-Botswana : Delta de l'Okavango et Déserts - Circuit Complet",
      "days": 20,
      "created_at": "2026-01-19T12:00:00Z",
      "langs": [
        "fr",
        "en",
        "es",
        "pt",
        "it"
      ]
    },
    {
      "itin_id": "FR::75::paris",
      "slug": "fr-75-paris",
      "country": "FR",
      "title": "Les Incontournables de Paris",
      "days": 10,
      "created_at": "2026-01-19T11:57:13.050Z",
      "langs": [
        "fr",
        "en",
        "es",
        "pt",
        "it"
      ]
    },
    {
      "itin_id": "BW::northern::circuit-complet-15j",
      "slug": "bw-northern-circuit-complet-15j",
      "country": "BW",
      "title": "Circuit complet du Botswana : 15 jours de safari en 4x4 et camping",
      "days": 15,
      "created_at": "2026-01-18T12:00:00Z",
      "langs": [
        "fr",
        "en",
        "es",
        "pt",
        "it"
      ]
    },
    {
      "itin_id": "NA::namibie::circuit-parfait-15j-4x4-tente",
      "slug": "na-namibie-circuit-parfait-15j-4x4-tente",
      "country": "NA",
      "title": "Circuit Namibie en 4x4 et Tente : Déserts et Safari - 15 Jours",
      "days": 16,
      "created_at": "2026-01-17T16:00:00Z",
      "langs": [
        "fr",
        "en",
        "es",
        "pt",
        "it"
      ]
    }
  ],
  "latest_by_lang": {
    "fr": [
      {
        "itin_id": "FR::60::oise",
        "slug": "fr-60-oise",
        "country": "FR",
        "title": "Circuit de l'Oise : châteaux, forêts et histoire",
        "days": 11,
        "created_at": "2026-02-08T16:48:00.370Z"
      },
      {
        "itin_id": "FR::73::savoie",
        "slug": "fr-73-savoie",
        "country": "FR",
        "title": "La Savoie des lacs aux glaciers, de Yenne à la Haute-Maurienne",
        "days": 11,
        "created_at": "2026-02-06T12:12:02.990Z"
      },
      {
        "itin_id": "FR::63::puy-de-dome",
        "slug": "fr-63-puy-de-dome",
        "country": "FR",
        "title": "VOLCANS, PIERRES ROMANES ET TRADITIONS D'AUVERGNE",
        "days": 10,
        "created_at": "2026-02-06T12:00:00Z"
      },
      {
        "itin_id": "FR::HDF::hauts-de-france-villages-cote-opale-et-terres",
        "slug": "fr-hdf-hauts-de-france-villages-cote-opale-et-terres",
        "country": "FR",
        "title": "Villages de la Côte d'Opale et terres flamandes",
        "days": 14,
        "created_at": "2026-02-02T12:00:00Z"
      },
      {
        "itin_id": "FR::65::circuit-hautes-pyrenees",
        "slug": "fr-65-circuit-hautes-pyrenees",
        "country": "FR",
        "title": "Circuit des Hautes-Pyrénées : de Tarbes aux cirques et vallées",
        "days": 10,
        "created_at": "2026-02-02T11:28:12.019Z"
      },
      {
        "itin_id": "FR::paca::arriere-pays-nicois-grassois",
        "slug": "fr-paca-arriere-pays-nicois-grassois",
        "country": "FR",
        "title": "Roadtrip dans l'arrière-pays niçois et grassois",
        "days": 5,
        "created_at": "2026-01-27T12:00:00Z"
      },
      {
        "itin_id": "FR::27::eure",
        "slug": "fr-27-eure",
        "country": "FR",
        "title": "Circuit Eure : De Giverny aux Plus Beaux Villages de Normandie",
        "days": 8,
        "created_at": "2026-01-25T10:00:00.000Z"
      },
      {
        "itin_id": "FR::19::correze",
        "slug": "fr-19-correze",
        "country": "FR",
        "title": "Road Trip Corrèze : Villages et Vallée de la Dordogne",
        "days": 9,
        "created_at": "2026-01-24T16:47:44.113Z"
      },
      {
        "itin_id": "FR::11::aude",
        "slug": "fr-11-aude",
        "country": "FR",
        "title": "Circuit Aude : Carcassonne, Pays Cathare et Méditerranée",
        "days": 9,
        "created_at": "2026-01-24"
      },
      {
        "itin_id": "FR::57::moselle",
        "slug": "fr-57-moselle",
        "country": "FR",
        "title": "Circuit Moselle 10 jours : Metz, Citadelle de Bitche et Vitraux de Chagall",
        "days": 10,
        "created_at": "2026-01-19T13:30:48.631Z"
      },
      {
        "itin_id": "FR::76::seine-maritime",
        "slug": "fr-76-seine-maritime",
        "country": "FR",
        "title": "Road Trip Seine-Maritime : Falaises d'Étretat, Rouen et Abbaye de Jumièges",
        "days": 9,
        "created_at": "2026-01-19T12:07:54.701Z"
      },
      {
        "itin_id": "NA::safaris::namibie-botswana-okavango",
        "slug": "na-safaris-namibie-botswana-okavango",
        "country": "NA",
        "title": "Safari Namibie-Botswana : Delta de l'Okavango et Déserts - Circuit Complet",
        "days": 20,
        "created_at": "2026-01-19T12:00:00Z"
      },
      {
        "itin_id": "FR::75::paris",
        "slug": "fr-75-paris",
        "country": "FR",
        "title": "Les Incontournables de Paris",
        "days": 10,
        "created_at": "2026-01-19T11:57:13.050Z"
      },
      {
        "itin_id": "BW::northern::circuit-complet-15j",
        "slug": "bw-northern-circuit-complet-15j",
        "country": "BW",
        "title": "Circuit complet du Botswana : 15 jours de safari en 4x4 et camping",
        "days": 15,
        "created_at": "2026-01-18T12:00:00Z"
      },
      {
        "itin_id": "NA::namibie::circuit-parfait-15j-4x4-tente",
        "slug": "na-namibie-circuit-parfait-15j-4x4-tente",
        "country": "NA",
        "title": "Circuit Namibie en 4x4 et Tente : Déserts et Safari - 15 Jours",
        "days": 16,
        "created_at": "2026-01-17T16:00:00Z"
      }
    ],
    "en": [
      {
        "itin_id": "FR::60::oise",
        "slug": "fr-60-oise",
        "country": "FR",
        "title": "Oise Circuit: Imperial Châteaux, Ancient Forests & Living History",
        "days": 11,
        "created_at": "2026-02-08T16:48:00.370Z"
      },
      {
        "itin_id": "FR::73::savoie",
        "slug": "fr-73-savoie",
        "country": "FR",
        "title": "Savoie from Lakes to Glaciers: Yenne to Haute-Maurienne",
        "days": 11,
        "created_at": "2026-02-06T12:12:02.990Z"
      },
      {
        "itin_id": "FR::63::puy-de-dome",
        "slug": "fr-63-puy-de-dome",
        "country": "FR",
        "title": "VOLCANOES, ROMANESQUE STONE AND AUVERGNE TRADITIONS",
        "days": 10,
        "created_at": "2026-02-06T12:00:00Z"
      },
      {
        "itin_id": "FR::HDF::hauts-de-france-villages-cote-opale-et-terres",
        "slug": "fr-hdf-hauts-de-france-villages-cote-opale-et-terres",
        "country": "FR",
        "title": "Hauts-de-France: Opal Coast Cliffs, Medieval History & Great War Sites",
        "days": 16,
        "created_at": "2026-02-02T12:00:00Z"
      },
      {
        "itin_id": "FR::65::circuit-hautes-pyrenees",
        "slug": "fr-65-circuit-hautes-pyrenees",
        "country": "FR",
        "title": "Hautes-Pyrénées Circuit: From Tarbes to Cirques and Valleys",
        "days": 10,
        "created_at": "2026-02-02T11:28:12.019Z"
      },
      {
        "itin_id": "FR::27::eure",
        "slug": "fr-27-eure",
        "country": "FR",
        "title": "Eure Road Trip: From Giverny to Normandy's Finest Medieval Villages",
        "days": 8,
        "created_at": "2026-01-25T10:00:00.000Z"
      },
      {
        "itin_id": "FR::19::correze",
        "slug": "fr-19-correze",
        "country": "FR",
        "title": "Corrèze Road Trip: Villages and Dordogne Valley",
        "days": 9,
        "created_at": "2026-01-24T16:47:44.113Z"
      },
      {
        "itin_id": "FR::11::aude",
        "slug": "fr-11-aude",
        "country": "FR",
        "title": "Aude Road Trip: Carcassonne, Cathar Country & the Mediterranean",
        "days": 9,
        "created_at": "2026-01-24"
      },
      {
        "itin_id": "FR::57::moselle",
        "slug": "fr-57-moselle",
        "country": "FR",
        "title": "Moselle Circuit 10 Days: Metz, Bitche Citadel and Chagall Stained Glass",
        "days": 10,
        "created_at": "2026-01-19T13:30:48.631Z"
      },
      {
        "itin_id": "FR::76::seine-maritime",
        "slug": "fr-76-seine-maritime",
        "country": "FR",
        "title": "Seine-Maritime Road Trip: Cliffs of Étretat, Rouen and Jumièges Abbey",
        "days": 9,
        "created_at": "2026-01-19T12:07:54.701Z"
      },
      {
        "itin_id": "NA::safaris::namibie-botswana-okavango",
        "slug": "na-safaris-namibie-botswana-okavango",
        "country": "NA",
        "title": "Namibia to Okavango Delta 4x4 Safari — Complete 20-Day Self-Drive Adventure",
        "days": 20,
        "created_at": "2026-01-19T12:00:00Z"
      },
      {
        "itin_id": "FR::75::paris",
        "slug": "fr-75-paris",
        "country": "FR",
        "title": "Paris Must-Sees",
        "days": 10,
        "created_at": "2026-01-19T11:57:13.050Z"
      },
      {
        "itin_id": "BW::northern::circuit-complet-15j",
        "slug": "bw-northern-circuit-complet-15j",
        "country": "BW",
        "title": "Complete Botswana Circuit: 15-day 4x4 safari and camping adventure",
        "days": 15,
        "created_at": "2026-01-18T12:00:00Z"
      },
      {
        "itin_id": "NA::namibie::circuit-parfait-15j-4x4-tente",
        "slug": "na-namibie-circuit-parfait-15j-4x4-tente",
        "country": "NA",
        "title": "Namibia 4x4 Self-Drive Safari: 15-Day Rooftop Tent Adventure",
        "days": 16,
        "created_at": "2026-01-17T16:00:00Z"
      },
      {
        "itin_id": "AL::albanie::paysages-et-villes-incontournables",
        "slug": "al-albanie-paysages-et-villes-incontournables",
        "country": "AL",
        "title": "Albania's Wild Beauty: Accursed Mountains & Ionian Sea Riviera",
        "days": 12,
        "created_at": "2026-01-01T00:00:00.000Z"
      }
    ],
    "es": [
      {
        "itin_id": "FR::60::oise",
        "slug": "fr-60-oise",
        "country": "FR",
        "title": "Ruta por el Oise: castillos imperiales, bosques legendarios e historia viva",
        "days": 11,
        "created_at": "2026-02-08T16:48:00.370Z"
      },
      {
        "itin_id": "FR::73::savoie",
        "slug": "fr-73-savoie",
        "country": "FR",
        "title": "Saboya: de los lagos a los glaciares, de Yenne a la Alta Maurienne",
        "days": 11,
        "created_at": "2026-02-06T12:12:02.990Z"
      },
      {
        "itin_id": "FR::63::puy-de-dome",
        "slug": "fr-63-puy-de-dome",
        "country": "FR",
        "title": "VOLCANES, PIEDRA ROMÁNICA Y TRADICIONES DE AUVERNIA",
        "days": 10,
        "created_at": "2026-02-06T12:00:00Z"
      },
      {
        "itin_id": "FR::HDF::hauts-de-france-villages-cote-opale-et-terres",
        "slug": "fr-hdf-hauts-de-france-villages-cote-opale-et-terres",
        "country": "FR",
        "title": "Guía de Viaje por Hauts-De-France: Costa de Ópalo, Pueblos Medievales y Patrimonio",
        "days": 16,
        "created_at": "2026-02-02T12:00:00Z"
      },
      {
        "itin_id": "FR::65::circuit-hautes-pyrenees",
        "slug": "fr-65-circuit-hautes-pyrenees",
        "country": "FR",
        "title": "Circuito de los Altos Pirineos: de Tarbes a los circos y valles",
        "days": 10,
        "created_at": "2026-02-02T11:28:12.019Z"
      },
      {
        "itin_id": "FR::27::eure",
        "slug": "fr-27-eure",
        "country": "FR",
        "title": "Ruta por Eure: De Giverny a los Pueblos Más Bonitos de Normandía",
        "days": 8,
        "created_at": "2026-01-25T10:00:00.000Z"
      },
      {
        "itin_id": "FR::19::correze",
        "slug": "fr-19-correze",
        "country": "FR",
        "title": "Road Trip Corrèze: Pueblos y Valle del Dordoña",
        "days": 9,
        "created_at": "2026-01-24T16:47:44.113Z"
      },
      {
        "itin_id": "FR::11::aude",
        "slug": "fr-11-aude",
        "country": "FR",
        "title": "Ruta Aude: Carcasona, País Cátaro y Mediterráneo",
        "days": 9,
        "created_at": "2026-01-24"
      },
      {
        "itin_id": "FR::57::moselle",
        "slug": "fr-57-moselle",
        "country": "FR",
        "title": "Circuito Mosela 10 días: Metz, Ciudadela de Bitche y Vidrieras de Chagall",
        "days": 10,
        "created_at": "2026-01-19T13:30:48.631Z"
      },
      {
        "itin_id": "FR::76::seine-maritime",
        "slug": "fr-76-seine-maritime",
        "country": "FR",
        "title": "Road Trip Sena Marítimo: Acantilados de Étretat, Ruán y Abadía de Jumièges",
        "days": 9,
        "created_at": "2026-01-19T12:07:54.701Z"
      },
      {
        "itin_id": "NA::safaris::namibie-botswana-okavango",
        "slug": "na-safaris-namibie-botswana-okavango",
        "country": "NA",
        "title": "Safari 4x4 de Namibia al Delta del Okavango — Aventura Completa de 20 Días Autoconducida",
        "days": 20,
        "created_at": "2026-01-19T12:00:00Z"
      },
      {
        "itin_id": "FR::75::paris",
        "slug": "fr-75-paris",
        "country": "FR",
        "title": "Los Imprescindibles de París",
        "days": 10,
        "created_at": "2026-01-19T11:57:13.050Z"
      },
      {
        "itin_id": "BW::northern::circuit-complet-15j",
        "slug": "bw-northern-circuit-complet-15j",
        "country": "BW",
        "title": "Circuito completo de Botsuana: 15 días de safari en 4x4 y camping",
        "days": 15,
        "created_at": "2026-01-18T12:00:00Z"
      },
      {
        "itin_id": "NA::namibie::circuit-parfait-15j-4x4-tente",
        "slug": "na-namibie-circuit-parfait-15j-4x4-tente",
        "country": "NA",
        "title": "Namibia en 4x4 con Tienda de Techo: Itinerario Completo de 15 Días",
        "days": 16,
        "created_at": "2026-01-17T16:00:00Z"
      },
      {
        "itin_id": "AL::albanie::paysages-et-villes-incontournables",
        "slug": "al-albanie-paysages-et-villes-incontournables",
        "country": "AL",
        "title": "Viaje por Carretera en Albania: Tirana, Berat y Costa del Adriático",
        "days": 12,
        "created_at": "2026-01-01T00:00:00.000Z"
      }
    ],
    "pt": [
      {
        "itin_id": "FR::60::oise",
        "slug": "fr-60-oise",
        "country": "FR",
        "title": "Roteiro de Oise: castelos, florestas e história",
        "days": 11,
        "created_at": "2026-02-08T16:48:00.370Z"
      },
      {
        "itin_id": "FR::73::savoie",
        "slug": "fr-73-savoie",
        "country": "FR",
        "title": "Saboia dos lagos aos glaciares: de Yenne à Alta Maurienne",
        "days": 11,
        "created_at": "2026-02-06T12:12:02.990Z"
      },
      {
        "itin_id": "FR::63::puy-de-dome",
        "slug": "fr-63-puy-de-dome",
        "country": "FR",
        "title": "VULCÕES, PEDRAS ROMÂNICAS E TRADIÇÕES DA AUVERGNE",
        "days": 10,
        "created_at": "2026-02-06T12:00:00Z"
      },
      {
        "itin_id": "FR::HDF::hauts-de-france-villages-cote-opale-et-terres",
        "slug": "fr-hdf-hauts-de-france-villages-cote-opale-et-terres",
        "country": "FR",
        "title": "Roteiro Hauts‑De‑France: Costa Opala, Vilas Medievais",
        "days": 16,
        "created_at": "2026-02-02T12:00:00Z"
      },
      {
        "itin_id": "FR::65::circuit-hautes-pyrenees",
        "slug": "fr-65-circuit-hautes-pyrenees",
        "country": "FR",
        "title": "Circuito dos Altos Pirenéus: de Tarbes aos circos e vales",
        "days": 10,
        "created_at": "2026-02-02T11:28:12.019Z"
      },
      {
        "itin_id": "FR::27::eure",
        "slug": "fr-27-eure",
        "country": "FR",
        "title": "Roteiro pelo Eure: De Giverny às Mais Belas Aldeias da Normandia",
        "days": 8,
        "created_at": "2026-01-25T10:00:00.000Z"
      },
      {
        "itin_id": "FR::19::correze",
        "slug": "fr-19-correze",
        "country": "FR",
        "title": "Road Trip Corrèze: Aldeias e Vale do Dordogne",
        "days": 9,
        "created_at": "2026-01-24T16:47:44.113Z"
      },
      {
        "itin_id": "FR::11::aude",
        "slug": "fr-11-aude",
        "country": "FR",
        "title": "Roteiro Aude: Carcassonne, País Cátaro e Mediterrâneo",
        "days": 9,
        "created_at": "2026-01-24"
      },
      {
        "itin_id": "FR::57::moselle",
        "slug": "fr-57-moselle",
        "country": "FR",
        "title": "Circuito Mosela 10 dias: Metz, Cidadela de Bitche e Vitrais de Chagall",
        "days": 10,
        "created_at": "2026-01-19T13:30:48.631Z"
      },
      {
        "itin_id": "FR::76::seine-maritime",
        "slug": "fr-76-seine-maritime",
        "country": "FR",
        "title": "Road Trip Sena Marítimo: Falésias de Étretat, Rouen e Abadia de Jumièges",
        "days": 9,
        "created_at": "2026-01-19T12:07:54.701Z"
      },
      {
        "itin_id": "NA::safaris::namibie-botswana-okavango",
        "slug": "na-safaris-namibie-botswana-okavango",
        "country": "NA",
        "title": "Safari na Namíbia e Botswana: Grande Travessia até o Delta do Okavango",
        "days": 20,
        "created_at": "2026-01-19T12:00:00Z"
      },
      {
        "itin_id": "FR::75::paris",
        "slug": "fr-75-paris",
        "country": "FR",
        "title": "Os Imperdíveis de Paris",
        "days": 10,
        "created_at": "2026-01-19T11:57:13.050Z"
      },
      {
        "itin_id": "BW::northern::circuit-complet-15j",
        "slug": "bw-northern-circuit-complet-15j",
        "country": "BW",
        "title": "Circuito completo do Botsuana: 15 dias de safari em 4x4 e campismo",
        "days": 15,
        "created_at": "2026-01-18T12:00:00Z"
      },
      {
        "itin_id": "NA::namibie::circuit-parfait-15j-4x4-tente",
        "slug": "na-namibie-circuit-parfait-15j-4x4-tente",
        "country": "NA",
        "title": "Namíbia em 4x4 com Tenda de Tejadilho: Roteiro Completo de 15 Dias",
        "days": 16,
        "created_at": "2026-01-17T16:00:00Z"
      },
      {
        "itin_id": "AL::albanie::paysages-et-villes-incontournables",
        "slug": "al-albanie-paysages-et-villes-incontournables",
        "country": "AL",
        "title": "Roteiro Albânia: Tirana, Berat, Riviera e Butrint",
        "days": 12,
        "created_at": "2026-01-01T00:00:00.000Z"
      }
    ],
    "it": [
      {
        "itin_id": "FR::60::oise",
        "slug": "fr-60-oise",
        "country": "FR",
        "title": "Itinerario nell'Oise: castelli, foreste e memoria imperiale",
        "days": 11,
        "created_at": "2026-02-08T16:48:00.370Z"
      },
      {
        "itin_id": "FR::73::savoie",
        "slug": "fr-73-savoie",
        "country": "FR",
        "title": "Savoia dai laghi ai ghiacciai, da Yenne all'Alta Maurienne",
        "days": 11,
        "created_at": "2026-02-06T12:12:02.990Z"
      },
      {
        "itin_id": "FR::63::puy-de-dome",
        "slug": "fr-63-puy-de-dome",
        "country": "FR",
        "title": "VULCANI, PIETRE ROMANICHE E TRADIZIONI D'ALVERNIA",
        "days": 10,
        "created_at": "2026-02-06T12:00:00Z"
      },
      {
        "itin_id": "FR::HDF::hauts-de-france-villages-cote-opale-et-terres",
        "slug": "fr-hdf-hauts-de-france-villages-cote-opale-et-terres",
        "country": "FR",
        "title": "Tour Degli Hauts-De-France: Costa d'Opale e Villaggi di Carattere",
        "days": 16,
        "created_at": "2026-02-02T12:00:00Z"
      },
      {
        "itin_id": "FR::65::circuit-hautes-pyrenees",
        "slug": "fr-65-circuit-hautes-pyrenees",
        "country": "FR",
        "title": "Tour degli Alti Pirenei: da Tarbes ai circhi e alle valli",
        "days": 10,
        "created_at": "2026-02-02T11:28:12.019Z"
      },
      {
        "itin_id": "FR::27::eure",
        "slug": "fr-27-eure",
        "country": "FR",
        "title": "Itinerario nell'Eure: Da Giverny ai Borghi più Belli di Normandia",
        "days": 8,
        "created_at": "2026-01-25T10:00:00.000Z"
      },
      {
        "itin_id": "FR::19::correze",
        "slug": "fr-19-correze",
        "country": "FR",
        "title": "Road Trip Corrèze: Borghi e Valle della Dordogna",
        "days": 9,
        "created_at": "2026-01-24T16:47:44.113Z"
      },
      {
        "itin_id": "FR::11::aude",
        "slug": "fr-11-aude",
        "country": "FR",
        "title": "Itinerario Aude: Carcassonne, Paese Cataro e Mediterraneo",
        "days": 9,
        "created_at": "2026-01-24"
      },
      {
        "itin_id": "FR::57::moselle",
        "slug": "fr-57-moselle",
        "country": "FR",
        "title": "Circuito Mosella 10 giorni: Metz, Cittadella di Bitche e Vetrate di Chagall",
        "days": 10,
        "created_at": "2026-01-19T13:30:48.631Z"
      },
      {
        "itin_id": "FR::76::seine-maritime",
        "slug": "fr-76-seine-maritime",
        "country": "FR",
        "title": "Road Trip Senna Marittima: Scogliere di Étretat, Rouen e Abbazia di Jumièges",
        "days": 9,
        "created_at": "2026-01-19T12:07:54.701Z"
      },
      {
        "itin_id": "NA::safaris::namibie-botswana-okavango",
        "slug": "na-safaris-namibie-botswana-okavango",
        "country": "NA",
        "title": "Safari in Namibia e Botswana: Grande Attraversata verso il Delta dell'Okavango",
        "days": 20,
        "created_at": "2026-01-19T12:00:00Z"
      },
      {
        "itin_id": "FR::75::paris",
        "slug": "fr-75-paris",
        "country": "FR",
        "title": "Gli Imperdibili di Parigi",
        "days": 10,
        "created_at": "2026-01-19T11:57:13.050Z"
      },
      {
        "itin_id": "BW::northern::circuit-complet-15j",
        "slug": "bw-northern-circuit-complet-15j",
        "country": "BW",
        "title": "Circuito completo del Botswana: 15 giorni di safari in 4x4 e campeggio",
        "days": 15,
        "created_at": "2026-01-18T12:00:00Z"
      },
      {
        "itin_id": "NA::namibie::circuit-parfait-15j-4x4-tente",
        "slug": "na-namibie-circuit-parfait-15j-4x4-tente",
        "country": "NA",
        "title": "Namibia in 4x4 con Tenda da Tetto: Itinerario Completo di 15 Giorni",
        "days": 16,
        "created_at": "2026-01-17T16:00:00Z"
      },
      {
        "itin_id": "AL::albanie::paysages-et-villes-incontournables",
        "slug": "al-albanie-paysages-et-villes-incontournables",
        "country": "AL",
        "title": "Tour Albania: Montagne, Spiagge e Itinerario Completo",
        "days": 12,
        "created_at": "2026-01-01T00:00:00.000Z"
      }
    ],
    "ar": [
      {
        "itin_id": "FR::HDF::hauts-de-france-villages-cote-opale-et-terres",
        "slug": "fr-hdf-hauts-de-france-villages-cote-opale-et-terres",
        "country": "FR",
        "title": "Hauts-De-France: سواحل العقيق الأبيض والأرض القروسطية المكشوفة",
        "days": 16,
        "created_at": "2026-02-02T12:00:00Z"
      },
      {
        "itin_id": "AL::albanie::paysages-et-villes-incontournables",
        "slug": "al-albanie-paysages-et-villes-incontournables",
        "country": "AL",
        "title": "رحلة برية في ألبانيا: قمم بكر وأسرار ساحلية",
        "days": 12,
        "created_at": "2026-01-01T00:00:00.000Z"
      },
      {
        "itin_id": "AR::ar::cuyo-argentine-pays-du-vin-sommets-andins-et-paysages-d-un-autre-monde",
        "slug": "ar-ar-cuyo-argentine-pays-du-vin-sommets-andins-et-paysages-d-un-autre-monde",
        "country": "AR",
        "title": "Cuyo الكاملة: أودية النبيذ وعجائب الجبال الصحراوية",
        "days": 14,
        "created_at": "2026-01-01T00:00:00.000Z"
      },
      {
        "itin_id": "AR::temp_1765134557762",
        "slug": "ar-temp-1765134557762",
        "country": "AR",
        "title": "شمال غرب الأرجنتين: المدن الاستعمارية وألوان الأنديز",
        "days": 10,
        "created_at": "2026-01-01T00:00:00.000Z"
      },
      {
        "itin_id": "AR::temp_1765135054541",
        "slug": "ar-temp-1765135054541",
        "country": "AR",
        "title": "شمال شرق الأرجنتين: شلالات الغابة وعجائب الأراضي الرطبة",
        "days": 5,
        "created_at": "2026-01-01T00:00:00.000Z"
      },
      {
        "itin_id": "AR::temp_1765135216984",
        "slug": "ar-temp-1765135216984",
        "country": "AR",
        "title": "Cuyo Argentina: وديان النبيذ وعجائب الجبال الصحراوية",
        "days": 10,
        "created_at": "2026-01-01T00:00:00.000Z"
      },
      {
        "itin_id": "AR::temp_1765135800145",
        "slug": "ar-temp-1765135800145",
        "country": "AR",
        "title": "Argentina الكاملة: من شلالات Iguazu إلى أودية الأنهار الجليدية",
        "days": 15,
        "created_at": "2026-01-01T00:00:00.000Z"
      },
      {
        "itin_id": "AU::east-coast::aventures-pacifique",
        "slug": "au-east-coast-aventures-pacifique",
        "country": "AU",
        "title": "الأوديسة الأسترالية: من Twelve Apostles إلى Great Barrier",
        "days": 25,
        "created_at": "2026-01-01T00:00:00.000Z"
      },
      {
        "itin_id": "AU::kimberley::traversee-gibb-river",
        "slug": "au-kimberley-traversee-gibb-river",
        "country": "AU",
        "title": "Kimberley Wild Crossing: الأخاديد النائية والأرض الحمراء",
        "days": 12,
        "created_at": "2026-01-01T00:00:00.000Z"
      },
      {
        "itin_id": "AU::national::destinations-phares-2025",
        "slug": "au-national-destinations-phares-2025",
        "country": "AU",
        "title": "جولة Australia الكبرى: العجائب الطبيعية والثقافات",
        "days": 24,
        "created_at": "2026-01-01T00:00:00.000Z"
      },
      {
        "itin_id": "AU::temp_1764873577000",
        "slug": "au-temp-1764873577000",
        "country": "AU",
        "title": "جنة المحيط الهادئ: من Sydney إلى ممالك الشعاب المرجانية",
        "days": 13,
        "created_at": "2026-01-01T00:00:00.000Z"
      },
      {
        "itin_id": "AU::western-australia::cote-sud-ouest",
        "slug": "au-western-australia-cote-sud-ouest",
        "country": "AU",
        "title": "جنوب غرب Australia: المنحدرات الساحلية والغابات القديمة",
        "days": 6,
        "created_at": "2026-01-01T00:00:00.000Z"
      },
      {
        "itin_id": "BA::bosnia::bridges-waterfalls-history",
        "slug": "ba-bosnia-bridges-waterfalls-history",
        "country": "BA",
        "title": "Balkan Road Trip: Ancient Bridges & Ottoman Heritage in Bosnia & Herzegovina",
        "days": 17,
        "created_at": "2026-01-01T00:00:00.000Z"
      },
      {
        "itin_id": "BW::botswana::delta-desert-wilderness",
        "slug": "bw-botswana-delta-desert-wilderness",
        "country": "BW",
        "title": "رحلة سفاري Botswana: الدلتا والصحراء وبرية الأفيال",
        "days": 12,
        "created_at": "2026-01-01T00:00:00.000Z"
      },
      {
        "itin_id": "CN::silk-road::east-to-west-complete",
        "slug": "cn-silk-road-east-to-west-complete",
        "country": "CN",
        "title": "ملحمة طريق الحرير: رحلة Xi'An إلى Istanbul الأسطورية",
        "days": 19,
        "created_at": "2026-01-01T00:00:00.000Z"
      }
    ]
  }
}